industry,payment_attempts,approved_payments,approved_volume,confirmed_fraud,fraud_amount,disputes,gross_processing_revenue,approval_rate,fraud_rate,dispute_rate
Digital Products,9376,8203,317344.92,88,3124.64,132,6083.33,0.8748933447098977,0.010727782518590759,0.016091673777886138
Electronics,2444,2129,809932.08,25,10718.76,40,11764.65,0.8711129296235679,0.011742602160638797,0.018788163457022077
Fashion,6639,6024,417243.85,28,1935.3799999999999,105,7046.25,0.9073655671034795,0.004648074369189907,0.01743027888446215
Food Delivery,6680,6114,154532.79,34,868.83,94,3386.11,0.9152694610778443,0.005561007523716062,0.015374550212626759
Gaming,7423,6559,177112.79,62,1638.57,129,3791.41,0.8836050114508959,0.009452660466534533,0.019667632261015398
Marketplace,1975,1793,432946.04,8,1994.87,24,6419.75,0.9078481012658228,0.004461795872838818,0.013385387618516454
Subscription Software,5254,4817,582000.07,21,3062.66,72,9111.3,0.9168252759802056,0.0043595598920489935,0.014947062487025119
Ticketing,4208,3663,482637.78,31,3493.33,85,7489.57,0.8704847908745247,0.008463008463008462,0.023205023205023205
Travel,6001,5169,2780540.59,57,28151.71,153,39961.27,0.8613564405932345,0.011027278003482298,0.02959953569355775
