dispute_id,payment_id,dispute_date,dispute_reason,disputed_amount,dispute_fee,dispute_status,resolution_date,recovered_amount,net_dispute_loss
D000001,P0046123,2025-02-12,Subscription Cancelled,8.28,15.0,Lost,2025-02-25,0.0,23.28
D000002,P0038253,2025-01-30,Duplicate Payment,38.14,15.0,Lost,2025-02-16,0.0,53.14
D000003,P0040481,2025-01-11,Product Not Received,213.54,15.0,Won,2025-02-04,213.54,15.0
D000004,P0018025,2025-01-10,Product Unacceptable,273.38,15.0,Pending,,0.0,288.38
D000005,P0027879,2025-01-27,Product Unacceptable,127.67,15.0,Won,2025-03-12,127.67,15.0
D000006,P0044159,2025-01-31,Processing Error,32.08,15.0,Won,2025-02-18,32.08,15.0
D000007,P0044691,2025-02-03,Product Unacceptable,37.18,15.0,Lost,2025-03-03,0.0,52.18
D000008,P0047429,2025-02-25,Subscription Cancelled,222.67,15.0,Lost,2025-03-06,0.0,237.67
D000009,P0014833,2025-01-16,Duplicate Payment,9.42,15.0,Won,2025-02-10,9.42,15.0
D000010,P0024893,2025-01-17,Product Unacceptable,749.89,15.0,Lost,2025-02-15,0.0,764.89
D000011,P0004688,2025-01-14,Subscription Cancelled,68.16,15.0,Pending,,0.0,83.16
D000012,P0024287,2025-02-05,Fraudulent,16.66,15.0,Lost,2025-03-17,0.0,31.66
D000013,P0002664,2025-03-02,Duplicate Payment,65.7,15.0,Lost,2025-03-11,0.0,80.7
D000014,P0004321,2025-02-19,Subscription Cancelled,39.63,15.0,Pending,,0.0,54.63
D000015,P0047157,2025-03-06,Subscription Cancelled,11.43,15.0,Lost,2025-04-04,0.0,26.43
D000016,P0011334,2025-02-15,Product Not Received,25.36,15.0,Lost,2025-02-26,0.0,40.36
D000017,P0039513,2025-02-09,Subscription Cancelled,17.83,15.0,Won,2025-03-16,17.83,15.0
D000018,P0012126,2025-02-23,Fraudulent,264.4,15.0,Lost,2025-04-04,0.0,279.4
D000019,P0015455,2025-02-23,Product Not Received,23.6,15.0,Lost,2025-03-06,0.0,38.6
D000020,P0042219,2025-02-20,Processing Error,40.0,15.0,Won,2025-03-27,40.0,15.0
D000021,P0025694,2025-03-10,Subscription Cancelled,98.37,15.0,Lost,2025-04-09,0.0,113.37
D000022,P0011881,2025-02-27,Processing Error,169.63,15.0,Won,2025-04-13,169.63,15.0
D000023,P0044409,2025-03-23,Product Unacceptable,44.62,15.0,Pending,,0.0,59.62
D000024,P0008569,2025-02-07,Subscription Cancelled,125.41,15.0,Won,2025-03-06,125.41,15.0
D000025,P0011005,2025-02-04,Product Unacceptable,63.4,15.0,Lost,2025-03-14,0.0,78.4
D000026,P0004189,2025-02-17,Processing Error,29.29,15.0,Lost,2025-02-28,0.0,44.29
D000027,P0047252,2025-02-23,Subscription Cancelled,169.54,15.0,Lost,2025-03-19,0.0,184.54
D000028,P0044059,2025-03-09,Subscription Cancelled,18.93,15.0,Lost,2025-04-22,0.0,33.93
D000029,P0047253,2025-02-10,Fraudulent,117.5,15.0,Won,2025-03-23,117.5,15.0
D000030,P0049269,2025-02-11,Processing Error,20.9,15.0,Pending,,0.0,35.9
D000031,P0042283,2025-03-25,Product Unacceptable,129.12,15.0,Won,2025-05-08,129.12,15.0
D000032,P0042420,2025-03-06,Fraudulent,267.52,15.0,Lost,2025-03-28,0.0,282.52
D000033,P0004720,2025-02-21,Subscription Cancelled,366.14,15.0,Won,2025-04-03,366.14,15.0
D000034,P0043745,2025-03-03,Product Not Received,264.29,15.0,Lost,2025-04-02,0.0,279.29
D000035,P0024883,2025-03-27,Product Not Received,58.08,15.0,Lost,2025-05-08,0.0,73.08
D000036,P0032311,2025-03-21,Product Not Received,19.36,15.0,Lost,2025-04-01,0.0,34.36
D000037,P0021564,2025-03-15,Product Unacceptable,29.79,15.0,Pending,,0.0,44.79
D000038,P0033613,2025-03-18,Product Not Received,491.37,15.0,Lost,2025-04-02,0.0,506.37
D000039,P0019415,2025-03-18,Fraudulent,36.22,15.0,Pending,,0.0,51.22
D000040,P0037909,2025-02-05,Product Unacceptable,126.36,15.0,Lost,2025-02-15,0.0,141.36
D000041,P0023781,2025-02-25,Subscription Cancelled,245.57,15.0,Won,2025-04-05,245.57,15.0
D000042,P0002083,2025-02-25,Processing Error,10.22,15.0,Lost,2025-03-30,0.0,25.22
D000043,P0011683,2025-03-23,Duplicate Payment,27.27,15.0,Lost,2025-04-20,0.0,42.27
D000044,P0022423,2025-02-23,Subscription Cancelled,24.97,15.0,Won,2025-03-12,24.97,15.0
D000045,P0030004,2025-03-23,Processing Error,48.91,15.0,Pending,,0.0,63.91
D000046,P0019585,2025-02-26,Subscription Cancelled,219.16,15.0,Lost,2025-03-09,0.0,234.16
D000047,P0005249,2025-02-18,Fraudulent,49.5,15.0,Lost,2025-03-06,0.0,64.5
D000048,P0011273,2025-03-18,Duplicate Payment,90.05,15.0,Lost,2025-03-27,0.0,105.05
D000049,P0046248,2025-04-09,Subscription Cancelled,17.05,15.0,Lost,2025-04-30,0.0,32.05
D000050,P0014771,2025-03-05,Product Not Received,183.4,15.0,Won,2025-04-17,183.4,15.0
D000051,P0035586,2025-03-06,Processing Error,824.8,15.0,Lost,2025-03-29,0.0,839.8
D000052,P0016072,2025-04-03,Processing Error,21.93,15.0,Lost,2025-04-29,0.0,36.93
D000053,P0035436,2025-03-12,Subscription Cancelled,37.88,15.0,Lost,2025-03-22,0.0,52.88
D000054,P0025944,2025-02-25,Subscription Cancelled,30.54,15.0,Pending,,0.0,45.54
D000055,P0035335,2025-02-25,Product Unacceptable,44.01,15.0,Won,2025-04-06,44.01,15.0
D000056,P0013943,2025-03-31,Processing Error,59.07,15.0,Pending,,0.0,74.07
D000057,P0027986,2025-03-11,Product Unacceptable,27.13,15.0,Lost,2025-04-20,0.0,42.13
D000058,P0034925,2025-04-08,Subscription Cancelled,351.63,15.0,Lost,2025-05-15,0.0,366.63
D000059,P0004015,2025-03-19,Product Unacceptable,98.75,15.0,Lost,2025-04-28,0.0,113.75
D000060,P0023252,2025-03-21,Duplicate Payment,19.72,15.0,Lost,2025-03-30,0.0,34.72
D000061,P0025772,2025-03-14,Product Unacceptable,59.71,15.0,Lost,2025-04-17,0.0,74.71
D000062,P0026611,2025-03-11,Product Not Received,374.38,15.0,Won,2025-04-23,374.38,15.0
D000063,P0011148,2025-04-30,Processing Error,665.49,15.0,Lost,2025-06-04,0.0,680.49
D000064,P0026176,2025-04-12,Product Not Received,594.04,15.0,Won,2025-05-03,594.04,15.0
D000065,P0048528,2025-04-27,Subscription Cancelled,37.92,15.0,Lost,2025-06-08,0.0,52.92
D000066,P0035695,2025-04-12,Duplicate Payment,97.8,15.0,Lost,2025-05-23,0.0,112.8
D000067,P0024389,2025-04-27,Processing Error,9.99,15.0,Lost,2025-05-13,0.0,24.99
D000068,P0039866,2025-03-24,Fraudulent,54.21,15.0,Won,2025-04-16,54.21,15.0
D000069,P0024197,2025-04-14,Product Unacceptable,299.63,15.0,Won,2025-05-20,299.63,15.0
D000070,P0042800,2025-03-14,Fraudulent,16.84,15.0,Lost,2025-03-28,0.0,31.84
D000071,P0026207,2025-04-22,Duplicate Payment,143.99,15.0,Lost,2025-05-21,0.0,158.99
D000072,P0034111,2025-04-16,Product Unacceptable,138.52,15.0,Lost,2025-05-11,0.0,153.52
D000073,P0034569,2025-04-25,Processing Error,34.82,15.0,Won,2025-06-07,34.82,15.0
D000074,P0022850,2025-03-16,Processing Error,43.53,15.0,Lost,2025-04-27,0.0,58.53
D000075,P0003724,2025-04-01,Product Not Received,20.49,15.0,Won,2025-04-11,20.49,15.0
D000076,P0003284,2025-05-11,Product Not Received,280.22,15.0,Lost,2025-06-12,0.0,295.22
D000077,P0009494,2025-04-12,Processing Error,100.55,15.0,Pending,,0.0,115.55
D000078,P0003680,2025-04-10,Processing Error,23.49,15.0,Won,2025-05-13,23.49,15.0
D000079,P0036213,2025-04-02,Product Unacceptable,18.91,15.0,Lost,2025-04-21,0.0,33.91
D000080,P0028624,2025-04-02,Product Not Received,353.29,15.0,Lost,2025-05-12,0.0,368.29
D000081,P0005892,2025-03-28,Subscription Cancelled,336.28,15.0,Pending,,0.0,351.28
D000082,P0027850,2025-03-15,Fraudulent,593.34,15.0,Lost,2025-04-23,0.0,608.34
D000083,P0033717,2025-04-10,Product Unacceptable,14.86,15.0,Lost,2025-05-12,0.0,29.86
D000084,P0020115,2025-05-11,Product Unacceptable,340.56,15.0,Lost,2025-06-06,0.0,355.56
D000085,P0045693,2025-04-22,Product Unacceptable,238.58,15.0,Lost,2025-05-06,0.0,253.58
D000086,P0009210,2025-04-20,Product Not Received,60.38,15.0,Lost,2025-05-12,0.0,75.38
D000087,P0003488,2025-04-22,Duplicate Payment,44.82,15.0,Won,2025-05-03,44.82,15.0
D000088,P0020803,2025-04-16,Product Unacceptable,17.99,15.0,Lost,2025-05-26,0.0,32.99
D000089,P0024005,2025-05-17,Product Unacceptable,560.56,15.0,Lost,2025-06-19,0.0,575.56
D000090,P0041152,2025-03-31,Processing Error,77.55,15.0,Won,2025-05-12,77.55,15.0
D000091,P0043181,2025-05-03,Subscription Cancelled,19.28,15.0,Lost,2025-05-13,0.0,34.28
D000092,P0015242,2025-05-10,Product Not Received,210.33,15.0,Lost,2025-05-23,0.0,225.33
D000093,P0020084,2025-05-19,Processing Error,63.06,15.0,Won,2025-07-01,63.06,15.0
D000094,P0023212,2025-04-13,Subscription Cancelled,24.06,15.0,Pending,,0.0,39.06
D000095,P0029426,2025-05-12,Product Unacceptable,40.6,15.0,Lost,2025-06-23,0.0,55.6
D000096,P0004226,2025-05-23,Product Not Received,51.84,15.0,Won,2025-06-22,51.84,15.0
D000097,P0007092,2025-04-10,Product Not Received,1375.15,15.0,Pending,,0.0,1390.15
D000098,P0036822,2025-04-17,Product Unacceptable,86.78,15.0,Pending,,0.0,101.78
D000099,P0041877,2025-05-13,Product Not Received,14.4,15.0,Won,2025-06-03,14.4,15.0
D000100,P0011823,2025-05-26,Fraudulent,573.1,15.0,Won,2025-06-07,573.1,15.0
D000101,P0045475,2025-05-13,Product Not Received,91.58,15.0,Lost,2025-06-14,0.0,106.58
D000102,P0035542,2025-05-27,Subscription Cancelled,19.75,15.0,Pending,,0.0,34.75
D000103,P0001163,2025-06-01,Product Not Received,625.27,15.0,Lost,2025-07-03,0.0,640.27
D000104,P0000628,2025-04-10,Product Not Received,485.47,15.0,Lost,2025-05-11,0.0,500.47
D000105,P0029843,2025-06-02,Product Not Received,71.46,15.0,Won,2025-07-11,71.46,15.0
D000106,P0002738,2025-06-01,Product Not Received,25.31,15.0,Lost,2025-06-10,0.0,40.31
D000107,P0012615,2025-04-09,Processing Error,196.04,15.0,Won,2025-04-24,196.04,15.0
D000108,P0006625,2025-04-17,Fraudulent,145.24,15.0,Won,2025-05-30,145.24,15.0
D000109,P0046307,2025-05-03,Fraudulent,40.44,15.0,Lost,2025-06-16,0.0,55.44
D000110,P0019929,2025-05-02,Fraudulent,754.18,15.0,Lost,2025-06-07,0.0,769.18
D000111,P0018225,2025-05-05,Product Not Received,38.61,15.0,Lost,2025-06-07,0.0,53.61
D000112,P0029380,2025-04-25,Product Not Received,596.11,15.0,Pending,,0.0,611.11
D000113,P0005790,2025-05-04,Processing Error,696.34,15.0,Won,2025-05-23,696.34,15.0
D000114,P0036016,2025-05-18,Subscription Cancelled,74.58,15.0,Lost,2025-06-16,0.0,89.58
D000115,P0017985,2025-04-16,Fraudulent,295.63,15.0,Lost,2025-04-25,0.0,310.63
D000116,P0020213,2025-06-02,Fraudulent,57.4,15.0,Lost,2025-07-01,0.0,72.4
D000117,P0014165,2025-06-11,Fraudulent,922.2,15.0,Lost,2025-07-22,0.0,937.2
D000118,P0041788,2025-06-10,Subscription Cancelled,72.04,15.0,Pending,,0.0,87.04
D000119,P0013128,2025-04-29,Product Not Received,49.71,15.0,Lost,2025-05-29,0.0,64.71
D000120,P0041821,2025-04-26,Product Not Received,676.37,15.0,Lost,2025-06-08,0.0,691.37
D000121,P0017102,2025-06-06,Product Not Received,246.08,15.0,Won,2025-06-24,246.08,15.0
D000122,P0010857,2025-05-31,Product Not Received,172.21,15.0,Won,2025-06-26,172.21,15.0
D000123,P0047046,2025-04-27,Duplicate Payment,18.24,15.0,Lost,2025-05-21,0.0,33.24
D000124,P0015521,2025-06-14,Duplicate Payment,59.59,15.0,Pending,,0.0,74.59
D000125,P0003300,2025-05-20,Product Unacceptable,29.81,15.0,Lost,2025-06-02,0.0,44.81
D000126,P0008809,2025-06-01,Duplicate Payment,93.06,15.0,Lost,2025-07-03,0.0,108.06
D000127,P0028475,2025-05-24,Processing Error,23.82,15.0,Lost,2025-06-11,0.0,38.82
D000128,P0001997,2025-04-30,Processing Error,139.58,15.0,Won,2025-06-09,139.58,15.0
D000129,P0042854,2025-05-26,Fraudulent,120.46,15.0,Lost,2025-07-03,0.0,135.46
D000130,P0032814,2025-06-22,Duplicate Payment,75.52,15.0,Won,2025-07-28,75.52,15.0
D000131,P0047036,2025-06-08,Subscription Cancelled,149.91,15.0,Lost,2025-06-16,0.0,164.91
D000132,P0039856,2025-06-22,Processing Error,1375.25,15.0,Lost,2025-07-06,0.0,1390.25
D000133,P0018751,2025-06-25,Duplicate Payment,795.19,15.0,Lost,2025-08-03,0.0,810.19
D000134,P0027794,2025-05-25,Subscription Cancelled,20.82,15.0,Pending,,0.0,35.82
D000135,P0019992,2025-06-02,Duplicate Payment,9.47,15.0,Won,2025-07-08,9.47,15.0
D000136,P0034385,2025-06-22,Product Not Received,25.75,15.0,Won,2025-07-26,25.75,15.0
D000137,P0008096,2025-06-25,Product Unacceptable,40.04,15.0,Lost,2025-07-14,0.0,55.04
D000138,P0000282,2025-06-01,Processing Error,19.63,15.0,Pending,,0.0,34.63
D000139,P0007400,2025-05-15,Subscription Cancelled,201.3,15.0,Lost,2025-06-14,0.0,216.3
D000140,P0047755,2025-06-05,Product Unacceptable,14.85,15.0,Pending,,0.0,29.85
D000141,P0017755,2025-06-30,Product Not Received,171.33,15.0,Lost,2025-08-08,0.0,186.33
D000142,P0047899,2025-06-27,Product Unacceptable,63.1,15.0,Lost,2025-07-08,0.0,78.1
D000143,P0004206,2025-05-19,Duplicate Payment,19.75,15.0,Pending,,0.0,34.75
D000144,P0023574,2025-05-12,Subscription Cancelled,21.43,15.0,Lost,2025-05-24,0.0,36.43
D000145,P0032913,2025-06-25,Fraudulent,206.07,15.0,Lost,2025-07-05,0.0,221.07
D000146,P0006428,2025-06-24,Duplicate Payment,21.35,15.0,Lost,2025-08-03,0.0,36.35
D000147,P0006691,2025-05-17,Subscription Cancelled,21.72,15.0,Lost,2025-06-21,0.0,36.72
D000148,P0010700,2025-06-05,Subscription Cancelled,300.18,15.0,Won,2025-07-02,300.18,15.0
D000149,P0008391,2025-06-28,Fraudulent,313.15,15.0,Lost,2025-07-30,0.0,328.15
D000150,P0040482,2025-07-05,Duplicate Payment,28.8,15.0,Lost,2025-08-12,0.0,43.8
D000151,P0041672,2025-06-11,Product Not Received,124.75,15.0,Lost,2025-07-09,0.0,139.75
D000152,P0013500,2025-05-25,Processing Error,15.22,15.0,Won,2025-06-14,15.22,15.0
D000153,P0048838,2025-05-17,Processing Error,43.01,15.0,Lost,2025-06-26,0.0,58.01
D000154,P0003708,2025-07-11,Product Unacceptable,85.48,15.0,Won,2025-08-23,85.48,15.0
D000155,P0002649,2025-07-04,Fraudulent,7.78,15.0,Pending,,0.0,22.78
D000156,P0007416,2025-06-16,Product Unacceptable,1279.2,15.0,Won,2025-06-23,1279.2,15.0
D000157,P0013511,2025-06-28,Fraudulent,24.08,15.0,Lost,2025-08-05,0.0,39.08
D000158,P0031565,2025-06-09,Fraudulent,13.67,15.0,Lost,2025-07-17,0.0,28.67
D000159,P0030247,2025-06-02,Product Unacceptable,98.15,15.0,Lost,2025-07-02,0.0,113.15
D000160,P0037505,2025-05-26,Product Unacceptable,466.88,15.0,Lost,2025-06-22,0.0,481.88
D000161,P0004254,2025-07-08,Product Not Received,26.07,15.0,Lost,2025-07-26,0.0,41.07
D000162,P0000712,2025-07-01,Product Not Received,101.29,15.0,Won,2025-07-27,101.29,15.0
D000163,P0022833,2025-05-25,Product Not Received,282.88,15.0,Pending,,0.0,297.88
D000164,P0012101,2025-07-16,Subscription Cancelled,21.45,15.0,Won,2025-08-28,21.45,15.0
D000165,P0043730,2025-06-14,Product Not Received,32.12,15.0,Pending,,0.0,47.12
D000166,P0007737,2025-05-25,Duplicate Payment,45.34,15.0,Lost,2025-06-20,0.0,60.34
D000167,P0032073,2025-07-09,Fraudulent,19.55,15.0,Won,2025-07-17,19.55,15.0
D000168,P0018389,2025-06-03,Product Unacceptable,602.45,15.0,Lost,2025-06-23,0.0,617.45
D000169,P0040077,2025-06-16,Duplicate Payment,14.15,15.0,Lost,2025-07-09,0.0,29.15
D000170,P0001592,2025-07-19,Product Unacceptable,236.55,15.0,Lost,2025-08-18,0.0,251.55
D000171,P0008628,2025-06-20,Fraudulent,9.42,15.0,Won,2025-07-26,9.42,15.0
D000172,P0002338,2025-07-12,Processing Error,99.54,15.0,Pending,,0.0,114.54
D000173,P0026856,2025-07-21,Subscription Cancelled,11.67,15.0,Lost,2025-08-11,0.0,26.67
D000174,P0043241,2025-07-21,Product Not Received,37.78,15.0,Lost,2025-08-30,0.0,52.78
D000175,P0011838,2025-05-31,Product Unacceptable,19.64,15.0,Lost,2025-06-14,0.0,34.64
D000176,P0026499,2025-06-09,Subscription Cancelled,16.3,15.0,Won,2025-06-18,16.3,15.0
D000177,P0013615,2025-07-15,Fraudulent,46.75,15.0,Won,2025-08-01,46.75,15.0
D000178,P0015465,2025-07-20,Product Unacceptable,17.29,15.0,Won,2025-08-22,17.29,15.0
D000179,P0009204,2025-06-30,Processing Error,72.91,15.0,Pending,,0.0,87.91
D000180,P0049557,2025-06-13,Product Not Received,160.13,15.0,Won,2025-06-28,160.13,15.0
D000181,P0031396,2025-07-12,Subscription Cancelled,76.17,15.0,Lost,2025-08-02,0.0,91.17
D000182,P0021011,2025-07-14,Product Not Received,56.01,15.0,Won,2025-08-21,56.01,15.0
D000183,P0012094,2025-07-28,Subscription Cancelled,75.13,15.0,Won,2025-08-14,75.13,15.0
D000184,P0025797,2025-08-01,Processing Error,163.17,15.0,Won,2025-08-10,163.17,15.0
D000185,P0001783,2025-07-13,Processing Error,30.44,15.0,Pending,,0.0,45.44
D000186,P0027769,2025-07-19,Product Not Received,54.45,15.0,Won,2025-08-20,54.45,15.0
D000187,P0000316,2025-06-26,Product Not Received,156.09,15.0,Won,2025-07-09,156.09,15.0
D000188,P0034685,2025-06-19,Product Unacceptable,264.08,15.0,Won,2025-07-23,264.08,15.0
D000189,P0037031,2025-07-02,Processing Error,82.45,15.0,Lost,2025-08-16,0.0,97.45
D000190,P0014385,2025-06-22,Product Unacceptable,66.66,15.0,Pending,,0.0,81.66
D000191,P0020151,2025-08-03,Product Not Received,39.64,15.0,Pending,,0.0,54.64
D000192,P0043763,2025-07-19,Product Not Received,21.76,15.0,Won,2025-07-29,21.76,15.0
D000193,P0044492,2025-07-23,Product Not Received,471.87,15.0,Won,2025-08-28,471.87,15.0
D000194,P0034427,2025-06-30,Processing Error,66.3,15.0,Lost,2025-08-13,0.0,81.3
D000195,P0016985,2025-07-20,Subscription Cancelled,17.64,15.0,Lost,2025-08-09,0.0,32.64
D000196,P0014645,2025-07-28,Subscription Cancelled,97.8,15.0,Lost,2025-09-08,0.0,112.8
D000197,P0013072,2025-07-22,Product Not Received,534.73,15.0,Won,2025-08-28,534.73,15.0
D000198,P0006924,2025-06-11,Product Not Received,547.91,15.0,Lost,2025-07-06,0.0,562.91
D000199,P0027741,2025-08-04,Duplicate Payment,59.99,15.0,Won,2025-08-22,59.99,15.0
D000200,P0046645,2025-07-14,Product Unacceptable,8.46,15.0,Pending,,0.0,23.46
D000201,P0021459,2025-07-09,Subscription Cancelled,37.23,15.0,Won,2025-07-30,37.23,15.0
D000202,P0046777,2025-08-03,Product Unacceptable,118.05,15.0,Lost,2025-08-18,0.0,133.05
D000203,P0044445,2025-06-24,Product Unacceptable,39.58,15.0,Lost,2025-07-27,0.0,54.58
D000204,P0011468,2025-07-25,Product Unacceptable,178.65,15.0,Won,2025-08-20,178.65,15.0
D000205,P0009938,2025-07-07,Product Unacceptable,195.77,15.0,Won,2025-08-10,195.77,15.0
D000206,P0041327,2025-07-23,Subscription Cancelled,122.2,15.0,Won,2025-08-23,122.2,15.0
D000207,P0046616,2025-07-11,Product Unacceptable,98.12,15.0,Pending,,0.0,113.12
D000208,P0010604,2025-08-09,Duplicate Payment,48.67,15.0,Lost,2025-08-31,0.0,63.67
D000209,P0042204,2025-07-25,Product Unacceptable,242.0,15.0,Lost,2025-08-18,0.0,257.0
D000210,P0048817,2025-07-01,Processing Error,72.46,15.0,Pending,,0.0,87.46
D000211,P0010682,2025-08-03,Duplicate Payment,29.86,15.0,Lost,2025-09-14,0.0,44.86
D000212,P0039793,2025-07-29,Product Not Received,20.75,15.0,Lost,2025-08-08,0.0,35.75
D000213,P0017521,2025-07-06,Product Not Received,942.76,15.0,Lost,2025-08-02,0.0,957.76
D000214,P0032386,2025-07-12,Product Not Received,34.8,15.0,Lost,2025-08-14,0.0,49.8
D000215,P0024645,2025-07-04,Processing Error,176.28,15.0,Won,2025-07-11,176.28,15.0
D000216,P0011836,2025-07-22,Fraudulent,62.79,15.0,Lost,2025-08-02,0.0,77.79
D000217,P0032288,2025-06-28,Product Not Received,87.41,15.0,Won,2025-07-14,87.41,15.0
D000218,P0042933,2025-07-21,Product Unacceptable,547.69,15.0,Won,2025-08-17,547.69,15.0
D000219,P0017337,2025-08-04,Duplicate Payment,65.55,15.0,Won,2025-08-20,65.55,15.0
D000220,P0045570,2025-07-21,Product Unacceptable,31.62,15.0,Lost,2025-08-22,0.0,46.62
D000221,P0030790,2025-07-24,Product Not Received,515.63,15.0,Pending,,0.0,530.63
D000222,P0001489,2025-07-29,Processing Error,204.21,15.0,Lost,2025-08-20,0.0,219.21
D000223,P0032133,2025-07-11,Subscription Cancelled,128.61,15.0,Lost,2025-08-24,0.0,143.61
D000224,P0031323,2025-07-02,Fraudulent,930.84,15.0,Lost,2025-07-11,0.0,945.84
D000225,P0037259,2025-08-13,Duplicate Payment,63.13,15.0,Lost,2025-09-08,0.0,78.13
D000226,P0006942,2025-07-20,Product Not Received,62.56,15.0,Lost,2025-07-31,0.0,77.56
D000227,P0010409,2025-07-01,Product Unacceptable,300.49,15.0,Lost,2025-07-13,0.0,315.49
D000228,P0046175,2025-08-01,Product Not Received,501.56,15.0,Won,2025-09-01,501.56,15.0
D000229,P0039162,2025-07-11,Subscription Cancelled,164.96,15.0,Lost,2025-08-11,0.0,179.96
D000230,P0032027,2025-06-28,Product Not Received,31.49,15.0,Won,2025-07-16,31.49,15.0
D000231,P0043703,2025-07-24,Product Unacceptable,35.13,15.0,Lost,2025-07-31,0.0,50.13
D000232,P0024192,2025-07-12,Processing Error,102.67,15.0,Lost,2025-07-21,0.0,117.67
D000233,P0006846,2025-06-27,Product Not Received,1151.59,15.0,Won,2025-07-24,1151.59,15.0
D000234,P0009963,2025-07-04,Product Not Received,247.83,15.0,Won,2025-07-15,247.83,15.0
D000235,P0034776,2025-07-05,Fraudulent,65.79,15.0,Pending,,0.0,80.79
D000236,P0024020,2025-08-20,Duplicate Payment,36.22,15.0,Lost,2025-09-10,0.0,51.22
D000237,P0008746,2025-07-16,Product Unacceptable,937.06,15.0,Lost,2025-07-26,0.0,952.06
D000238,P0004663,2025-08-21,Processing Error,107.43,15.0,Won,2025-09-15,107.43,15.0
D000239,P0018696,2025-08-22,Product Unacceptable,38.81,15.0,Lost,2025-09-14,0.0,53.81
D000240,P0025178,2025-06-28,Processing Error,29.6,15.0,Lost,2025-07-12,0.0,44.6
D000241,P0011306,2025-08-10,Product Not Received,289.87,15.0,Lost,2025-09-22,0.0,304.87
D000242,P0048312,2025-08-05,Processing Error,48.19,15.0,Won,2025-09-04,48.19,15.0
D000243,P0015285,2025-08-11,Product Not Received,34.68,15.0,Lost,2025-08-21,0.0,49.68
D000244,P0030608,2025-07-28,Processing Error,1048.86,15.0,Pending,,0.0,1063.86
D000245,P0010496,2025-08-13,Product Not Received,832.11,15.0,Lost,2025-09-12,0.0,847.11
D000246,P0001235,2025-07-26,Product Unacceptable,186.98,15.0,Won,2025-08-20,186.98,15.0
D000247,P0038828,2025-07-16,Duplicate Payment,176.02,15.0,Lost,2025-08-15,0.0,191.02
D000248,P0016998,2025-07-12,Product Unacceptable,29.73,15.0,Lost,2025-08-08,0.0,44.73
D000249,P0000528,2025-08-22,Product Unacceptable,23.63,15.0,Won,2025-09-14,23.63,15.0
D000250,P0017312,2025-08-27,Fraudulent,146.4,15.0,Lost,2025-09-10,0.0,161.4
D000251,P0033480,2025-08-13,Duplicate Payment,92.8,15.0,Lost,2025-09-19,0.0,107.8
D000252,P0014627,2025-07-19,Processing Error,783.61,15.0,Won,2025-08-13,783.61,15.0
D000253,P0039371,2025-08-10,Product Not Received,21.13,15.0,Won,2025-08-27,21.13,15.0
D000254,P0013286,2025-08-06,Product Not Received,42.91,15.0,Won,2025-09-04,42.91,15.0
D000255,P0015381,2025-08-12,Processing Error,605.74,15.0,Pending,,0.0,620.74
D000256,P0014595,2025-07-14,Product Not Received,53.58,15.0,Won,2025-08-26,53.58,15.0
D000257,P0001315,2025-07-22,Product Unacceptable,142.4,15.0,Won,2025-08-25,142.4,15.0
D000258,P0040426,2025-08-06,Product Unacceptable,420.2,15.0,Won,2025-09-04,420.2,15.0
D000259,P0019388,2025-08-08,Processing Error,84.9,15.0,Pending,,0.0,99.9
D000260,P0043858,2025-07-25,Processing Error,223.45,15.0,Won,2025-08-12,223.45,15.0
D000261,P0046805,2025-08-29,Subscription Cancelled,151.1,15.0,Lost,2025-09-20,0.0,166.1
D000262,P0012209,2025-07-23,Product Unacceptable,658.39,15.0,Won,2025-08-14,658.39,15.0
D000263,P0047463,2025-08-15,Subscription Cancelled,44.47,15.0,Lost,2025-09-04,0.0,59.47
D000264,P0047247,2025-08-15,Product Unacceptable,26.41,15.0,Lost,2025-08-28,0.0,41.41
D000265,P0022814,2025-08-18,Product Not Received,135.89,15.0,Won,2025-09-14,135.89,15.0
D000266,P0039888,2025-08-17,Product Not Received,40.6,15.0,Won,2025-09-13,40.6,15.0
D000267,P0025551,2025-08-10,Product Not Received,279.24,15.0,Lost,2025-09-20,0.0,294.24
D000268,P0039361,2025-07-15,Fraudulent,44.34,15.0,Lost,2025-08-14,0.0,59.34
D000269,P0010765,2025-07-29,Product Unacceptable,22.94,15.0,Lost,2025-08-05,0.0,37.94
D000270,P0006577,2025-08-19,Fraudulent,23.79,15.0,Won,2025-09-08,23.79,15.0
D000271,P0037532,2025-08-15,Fraudulent,30.76,15.0,Lost,2025-09-10,0.0,45.76
D000272,P0047551,2025-07-27,Subscription Cancelled,104.67,15.0,Won,2025-08-30,104.67,15.0
D000273,P0024928,2025-07-17,Fraudulent,7.61,15.0,Lost,2025-08-10,0.0,22.61
D000274,P0014115,2025-09-02,Product Unacceptable,1360.35,15.0,Won,2025-09-11,1360.35,15.0
D000275,P0006546,2025-07-12,Processing Error,1050.0,15.0,Lost,2025-08-14,0.0,1065.0
D000276,P0011638,2025-07-31,Processing Error,64.97,15.0,Won,2025-08-12,64.97,15.0
D000277,P0009225,2025-07-16,Subscription Cancelled,5.15,15.0,Lost,2025-07-26,0.0,20.15
D000278,P0038349,2025-09-06,Subscription Cancelled,38.52,15.0,Won,2025-09-13,38.52,15.0
D000279,P0038128,2025-08-22,Product Not Received,476.9,15.0,Lost,2025-09-18,0.0,491.9
D000280,P0008629,2025-08-10,Product Unacceptable,35.69,15.0,Pending,,0.0,50.69
D000281,P0015961,2025-07-30,Product Unacceptable,315.94,15.0,Lost,2025-09-09,0.0,330.94
D000282,P0000462,2025-08-25,Product Not Received,108.9,15.0,Pending,,0.0,123.9
D000283,P0008886,2025-09-10,Product Unacceptable,27.88,15.0,Pending,,0.0,42.88
D000284,P0008094,2025-08-04,Product Unacceptable,158.52,15.0,Won,2025-09-07,158.52,15.0
D000285,P0017722,2025-09-03,Product Unacceptable,47.65,15.0,Lost,2025-09-27,0.0,62.65
D000286,P0008649,2025-07-14,Product Not Received,171.17,15.0,Lost,2025-08-24,0.0,186.17
D000287,P0021293,2025-08-23,Duplicate Payment,11.65,15.0,Lost,2025-09-19,0.0,26.65
D000288,P0010361,2025-08-26,Duplicate Payment,50.71,15.0,Pending,,0.0,65.71
D000289,P0026703,2025-09-02,Product Not Received,431.6,15.0,Lost,2025-09-24,0.0,446.6
D000290,P0004378,2025-08-20,Product Not Received,399.14,15.0,Lost,2025-09-21,0.0,414.14
D000291,P0013719,2025-08-25,Product Unacceptable,74.34,15.0,Lost,2025-10-09,0.0,89.34
D000292,P0037796,2025-08-15,Product Not Received,536.54,15.0,Pending,,0.0,551.54
D000293,P0004879,2025-07-16,Product Unacceptable,84.76,15.0,Lost,2025-07-31,0.0,99.76
D000294,P0013662,2025-08-23,Fraudulent,18.07,15.0,Lost,2025-09-21,0.0,33.07
D000295,P0048653,2025-07-16,Processing Error,79.19,15.0,Won,2025-07-24,79.19,15.0
D000296,P0008381,2025-09-07,Duplicate Payment,17.73,15.0,Pending,,0.0,32.73
D000297,P0004492,2025-09-14,Processing Error,28.67,15.0,Pending,,0.0,43.67
D000298,P0046661,2025-09-08,Product Not Received,225.77,15.0,Lost,2025-09-17,0.0,240.77
D000299,P0029384,2025-09-05,Processing Error,54.16,15.0,Lost,2025-10-14,0.0,69.16
D000300,P0048483,2025-09-02,Product Unacceptable,27.13,15.0,Lost,2025-10-02,0.0,42.13
D000301,P0031406,2025-08-20,Processing Error,47.85,15.0,Lost,2025-09-18,0.0,62.85
D000302,P0030371,2025-08-28,Product Unacceptable,202.48,15.0,Pending,,0.0,217.48
D000303,P0036839,2025-07-28,Product Unacceptable,43.65,15.0,Won,2025-08-09,43.65,15.0
D000304,P0044814,2025-07-24,Processing Error,126.19,15.0,Lost,2025-08-20,0.0,141.19
D000305,P0017472,2025-09-07,Product Not Received,25.9,15.0,Lost,2025-09-18,0.0,40.9
D000306,P0008897,2025-08-03,Subscription Cancelled,37.89,15.0,Lost,2025-08-22,0.0,52.89
D000307,P0040079,2025-09-18,Subscription Cancelled,61.23,15.0,Lost,2025-10-07,0.0,76.23
D000308,P0029058,2025-09-10,Processing Error,474.2,15.0,Lost,2025-10-05,0.0,489.2
D000309,P0039881,2025-08-26,Fraudulent,753.45,15.0,Won,2025-09-10,753.45,15.0
D000310,P0033668,2025-09-11,Duplicate Payment,70.44,15.0,Won,2025-09-20,70.44,15.0
D000311,P0013578,2025-08-18,Product Not Received,41.0,15.0,Lost,2025-09-24,0.0,56.0
D000312,P0041678,2025-08-29,Product Not Received,66.7,15.0,Pending,,0.0,81.7
D000313,P0022330,2025-07-31,Duplicate Payment,1190.26,15.0,Won,2025-09-14,1190.26,15.0
D000314,P0001261,2025-08-09,Subscription Cancelled,99.57,15.0,Won,2025-08-28,99.57,15.0
D000315,P0002029,2025-08-16,Product Not Received,704.07,15.0,Lost,2025-09-02,0.0,719.07
D000316,P0023235,2025-08-20,Processing Error,263.12,15.0,Lost,2025-09-06,0.0,278.12
D000317,P0046556,2025-09-12,Product Not Received,380.3,15.0,Won,2025-09-19,380.3,15.0
D000318,P0021006,2025-09-22,Product Not Received,1388.64,15.0,Lost,2025-11-02,0.0,1403.64
D000319,P0047571,2025-09-04,Duplicate Payment,102.21,15.0,Lost,2025-10-15,0.0,117.21
D000320,P0015643,2025-09-03,Fraudulent,153.36,15.0,Won,2025-09-12,153.36,15.0
D000321,P0029376,2025-09-24,Product Unacceptable,341.69,15.0,Pending,,0.0,356.69
D000322,P0021384,2025-08-14,Product Unacceptable,20.83,15.0,Lost,2025-08-24,0.0,35.83
D000323,P0043841,2025-07-30,Product Not Received,48.37,15.0,Lost,2025-08-29,0.0,63.37
D000324,P0016324,2025-09-15,Product Not Received,53.52,15.0,Lost,2025-10-21,0.0,68.52
D000325,P0033572,2025-09-20,Duplicate Payment,7.2,15.0,Lost,2025-10-28,0.0,22.2
D000326,P0015678,2025-09-06,Product Unacceptable,26.03,15.0,Pending,,0.0,41.03
D000327,P0001423,2025-09-15,Product Not Received,542.58,15.0,Lost,2025-10-11,0.0,557.58
D000328,P0008135,2025-08-15,Product Unacceptable,29.56,15.0,Won,2025-09-26,29.56,15.0
D000329,P0002213,2025-09-27,Product Unacceptable,19.43,15.0,Won,2025-10-16,19.43,15.0
D000330,P0047133,2025-09-05,Product Unacceptable,62.94,15.0,Won,2025-10-20,62.94,15.0
D000331,P0011560,2025-08-04,Subscription Cancelled,42.27,15.0,Lost,2025-08-14,0.0,57.27
D000332,P0031504,2025-09-02,Processing Error,19.02,15.0,Lost,2025-10-06,0.0,34.02
D000333,P0010663,2025-08-22,Product Not Received,528.79,15.0,Lost,2025-09-04,0.0,543.79
D000334,P0036859,2025-08-22,Processing Error,48.21,15.0,Pending,,0.0,63.21
D000335,P0044744,2025-09-16,Fraudulent,19.15,15.0,Lost,2025-10-01,0.0,34.15
D000336,P0043058,2025-08-26,Processing Error,17.55,15.0,Lost,2025-09-23,0.0,32.55
D000337,P0036880,2025-09-02,Product Unacceptable,29.83,15.0,Won,2025-09-12,29.83,15.0
D000338,P0024758,2025-08-21,Fraudulent,97.07,15.0,Lost,2025-10-02,0.0,112.07
D000339,P0017405,2025-08-06,Product Not Received,512.18,15.0,Lost,2025-09-14,0.0,527.18
D000340,P0042621,2025-08-16,Product Not Received,11.19,15.0,Lost,2025-08-28,0.0,26.19
D000341,P0038982,2025-09-23,Product Not Received,37.19,15.0,Lost,2025-10-02,0.0,52.19
D000342,P0008754,2025-08-20,Product Not Received,18.17,15.0,Won,2025-09-30,18.17,15.0
D000343,P0015613,2025-09-16,Processing Error,314.92,15.0,Won,2025-10-25,314.92,15.0
D000344,P0004309,2025-10-03,Product Unacceptable,18.7,15.0,Lost,2025-10-16,0.0,33.7
D000345,P0042189,2025-10-02,Product Not Received,772.54,15.0,Lost,2025-11-12,0.0,787.54
D000346,P0019150,2025-09-04,Duplicate Payment,67.31,15.0,Pending,,0.0,82.31
D000347,P0034836,2025-08-25,Product Not Received,1033.32,15.0,Pending,,0.0,1048.32
D000348,P0014284,2025-09-03,Processing Error,481.46,15.0,Won,2025-09-12,481.46,15.0
D000349,P0003266,2025-09-26,Subscription Cancelled,98.52,15.0,Lost,2025-10-20,0.0,113.52
D000350,P0014108,2025-08-08,Duplicate Payment,27.84,15.0,Pending,,0.0,42.84
D000351,P0040446,2025-08-12,Product Unacceptable,12.03,15.0,Pending,,0.0,27.03
D000352,P0006848,2025-09-28,Product Not Received,178.94,15.0,Won,2025-10-07,178.94,15.0
D000353,P0014285,2025-09-11,Product Unacceptable,84.6,15.0,Lost,2025-10-26,0.0,99.6
D000354,P0000611,2025-08-22,Fraudulent,43.29,15.0,Won,2025-09-24,43.29,15.0
D000355,P0030657,2025-08-27,Product Unacceptable,80.06,15.0,Lost,2025-09-11,0.0,95.06
D000356,P0027386,2025-09-01,Fraudulent,8.69,15.0,Lost,2025-09-24,0.0,23.69
D000357,P0013514,2025-09-17,Processing Error,35.72,15.0,Lost,2025-09-28,0.0,50.72
D000358,P0028892,2025-08-26,Product Not Received,72.44,15.0,Lost,2025-09-05,0.0,87.44
D000359,P0030567,2025-08-11,Subscription Cancelled,38.96,15.0,Lost,2025-08-31,0.0,53.96
D000360,P0009258,2025-09-10,Subscription Cancelled,23.39,15.0,Won,2025-10-15,23.39,15.0
D000361,P0045375,2025-08-27,Product Not Received,20.19,15.0,Lost,2025-09-13,0.0,35.19
D000362,P0002111,2025-08-18,Fraudulent,166.17,15.0,Pending,,0.0,181.17
D000363,P0016769,2025-09-26,Product Not Received,302.16,15.0,Won,2025-10-24,302.16,15.0
D000364,P0048265,2025-08-28,Product Unacceptable,474.25,15.0,Lost,2025-09-08,0.0,489.25
D000365,P0040356,2025-09-18,Product Unacceptable,57.47,15.0,Lost,2025-10-06,0.0,72.47
D000366,P0029614,2025-09-07,Fraudulent,91.05,15.0,Lost,2025-10-04,0.0,106.05
D000367,P0020445,2025-09-24,Fraudulent,16.5,15.0,Pending,,0.0,31.5
D000368,P0037291,2025-09-22,Product Not Received,197.92,15.0,Lost,2025-10-13,0.0,212.92
D000369,P0040071,2025-09-27,Product Unacceptable,206.24,15.0,Lost,2025-10-27,0.0,221.24
D000370,P0005718,2025-09-23,Product Unacceptable,109.26,15.0,Lost,2025-10-12,0.0,124.26
D000371,P0045682,2025-08-21,Product Not Received,16.15,15.0,Won,2025-09-28,16.15,15.0
D000372,P0017161,2025-10-09,Processing Error,1477.53,15.0,Lost,2025-11-10,0.0,1492.53
D000373,P0049871,2025-09-08,Product Not Received,24.25,15.0,Lost,2025-10-10,0.0,39.25
D000374,P0046752,2025-09-15,Product Unacceptable,9.31,15.0,Lost,2025-10-27,0.0,24.31
D000375,P0026633,2025-09-11,Processing Error,480.21,15.0,Lost,2025-10-17,0.0,495.21
D000376,P0025859,2025-09-17,Fraudulent,13.19,15.0,Pending,,0.0,28.19
D000377,P0023406,2025-09-22,Subscription Cancelled,119.54,15.0,Won,2025-10-07,119.54,15.0
D000378,P0017062,2025-08-21,Duplicate Payment,77.21,15.0,Won,2025-09-20,77.21,15.0
D000379,P0007063,2025-10-02,Product Unacceptable,55.92,15.0,Won,2025-11-15,55.92,15.0
D000380,P0005765,2025-08-23,Product Unacceptable,26.74,15.0,Lost,2025-09-16,0.0,41.74
D000381,P0039070,2025-08-24,Product Not Received,39.57,15.0,Pending,,0.0,54.57
D000382,P0037225,2025-10-06,Subscription Cancelled,32.6,15.0,Lost,2025-10-21,0.0,47.6
D000383,P0049946,2025-08-21,Processing Error,222.34,15.0,Won,2025-09-18,222.34,15.0
D000384,P0031261,2025-09-20,Product Not Received,751.22,15.0,Won,2025-11-03,751.22,15.0
D000385,P0035272,2025-09-16,Processing Error,396.11,15.0,Won,2025-10-13,396.11,15.0
D000386,P0044716,2025-09-14,Subscription Cancelled,26.29,15.0,Lost,2025-09-27,0.0,41.29
D000387,P0016908,2025-10-16,Product Not Received,1027.81,15.0,Lost,2025-11-03,0.0,1042.81
D000388,P0000471,2025-10-05,Product Unacceptable,1021.38,15.0,Pending,,0.0,1036.38
D000389,P0010634,2025-10-21,Product Not Received,406.28,15.0,Won,2025-12-02,406.28,15.0
D000390,P0038318,2025-08-26,Processing Error,18.16,15.0,Pending,,0.0,33.16
D000391,P0026060,2025-09-20,Duplicate Payment,13.12,15.0,Lost,2025-10-07,0.0,28.12
D000392,P0046155,2025-08-28,Duplicate Payment,638.83,15.0,Pending,,0.0,653.83
D000393,P0037693,2025-09-19,Product Not Received,326.03,15.0,Pending,,0.0,341.03
D000394,P0014172,2025-10-07,Product Not Received,38.91,15.0,Pending,,0.0,53.91
D000395,P0042842,2025-10-11,Processing Error,457.62,15.0,Lost,2025-10-20,0.0,472.62
D000396,P0001328,2025-08-30,Subscription Cancelled,34.98,15.0,Won,2025-10-02,34.98,15.0
D000397,P0002675,2025-08-31,Product Not Received,57.66,15.0,Won,2025-09-13,57.66,15.0
D000398,P0011503,2025-10-13,Processing Error,631.81,15.0,Lost,2025-10-21,0.0,646.81
D000399,P0037179,2025-10-22,Product Unacceptable,57.48,15.0,Pending,,0.0,72.48
D000400,P0007713,2025-09-04,Duplicate Payment,31.24,15.0,Won,2025-09-20,31.24,15.0
D000401,P0012812,2025-10-13,Processing Error,289.12,15.0,Pending,,0.0,304.12
D000402,P0035840,2025-09-23,Product Unacceptable,72.96,15.0,Lost,2025-10-02,0.0,87.96
D000403,P0020574,2025-09-01,Product Unacceptable,724.69,15.0,Won,2025-09-24,724.69,15.0
D000404,P0027057,2025-10-16,Product Not Received,27.07,15.0,Won,2025-10-23,27.07,15.0
D000405,P0047003,2025-09-22,Product Unacceptable,37.55,15.0,Won,2025-11-01,37.55,15.0
D000406,P0003515,2025-09-26,Product Unacceptable,575.64,15.0,Won,2025-10-15,575.64,15.0
D000407,P0048841,2025-08-31,Subscription Cancelled,168.17,15.0,Lost,2025-09-20,0.0,183.17
D000408,P0011223,2025-10-02,Product Unacceptable,55.92,15.0,Won,2025-10-25,55.92,15.0
D000409,P0039531,2025-09-16,Duplicate Payment,413.07,15.0,Lost,2025-10-26,0.0,428.07
D000410,P0031009,2025-09-23,Product Not Received,405.05,15.0,Lost,2025-10-16,0.0,420.05
D000411,P0043728,2025-09-29,Subscription Cancelled,31.17,15.0,Pending,,0.0,46.17
D000412,P0004795,2025-09-21,Product Not Received,647.88,15.0,Lost,2025-10-22,0.0,662.88
D000413,P0027286,2025-09-18,Product Not Received,49.04,15.0,Lost,2025-10-24,0.0,64.04
D000414,P0002700,2025-10-08,Product Not Received,863.11,15.0,Pending,,0.0,878.11
D000415,P0021886,2025-10-27,Subscription Cancelled,41.5,15.0,Lost,2025-12-08,0.0,56.5
D000416,P0029832,2025-10-17,Product Not Received,69.44,15.0,Won,2025-11-03,69.44,15.0
D000417,P0047947,2025-09-11,Product Not Received,41.31,15.0,Pending,,0.0,56.31
D000418,P0023878,2025-09-21,Product Not Received,167.32,15.0,Won,2025-10-18,167.32,15.0
D000419,P0035247,2025-09-17,Product Not Received,38.5,15.0,Won,2025-10-13,38.5,15.0
D000420,P0020912,2025-09-13,Product Unacceptable,20.85,15.0,Lost,2025-10-18,0.0,35.85
D000421,P0007942,2025-10-12,Duplicate Payment,16.26,15.0,Lost,2025-10-22,0.0,31.26
D000422,P0049455,2025-10-06,Product Unacceptable,526.31,15.0,Lost,2025-11-15,0.0,541.31
D000423,P0003094,2025-10-20,Processing Error,102.4,15.0,Won,2025-11-12,102.4,15.0
D000424,P0039729,2025-10-06,Subscription Cancelled,94.57,15.0,Lost,2025-10-24,0.0,109.57
D000425,P0043102,2025-10-24,Subscription Cancelled,20.54,15.0,Lost,2025-11-03,0.0,35.54
D000426,P0020066,2025-11-03,Processing Error,75.13,15.0,Lost,2025-11-23,0.0,90.13
D000427,P0005738,2025-10-29,Product Not Received,64.94,15.0,Lost,2025-11-08,0.0,79.94
D000428,P0045383,2025-09-28,Processing Error,20.32,15.0,Won,2025-11-07,20.32,15.0
D000429,P0020796,2025-09-30,Processing Error,34.57,15.0,Lost,2025-10-24,0.0,49.57
D000430,P0043685,2025-10-28,Fraudulent,11.09,15.0,Won,2025-11-16,11.09,15.0
D000431,P0039203,2025-10-17,Product Not Received,79.64,15.0,Lost,2025-11-02,0.0,94.64
D000432,P0009374,2025-09-30,Duplicate Payment,61.98,15.0,Lost,2025-10-20,0.0,76.98
D000433,P0048788,2025-09-16,Subscription Cancelled,94.75,15.0,Lost,2025-10-01,0.0,109.75
D000434,P0021652,2025-10-15,Product Not Received,96.95,15.0,Pending,,0.0,111.95
D000435,P0047375,2025-09-29,Duplicate Payment,138.37,15.0,Won,2025-10-25,138.37,15.0
D000436,P0000483,2025-10-11,Duplicate Payment,57.81,15.0,Lost,2025-10-18,0.0,72.81
D000437,P0011271,2025-10-19,Fraudulent,39.87,15.0,Lost,2025-11-23,0.0,54.87
D000438,P0027341,2025-10-21,Product Not Received,38.86,15.0,Lost,2025-11-13,0.0,53.86
D000439,P0024332,2025-10-13,Fraudulent,250.29,15.0,Won,2025-10-27,250.29,15.0
D000440,P0036514,2025-11-07,Processing Error,146.19,15.0,Won,2025-11-30,146.19,15.0
D000441,P0000572,2025-10-02,Processing Error,51.91,15.0,Lost,2025-10-29,0.0,66.91
D000442,P0014490,2025-09-20,Fraudulent,26.64,15.0,Lost,2025-10-21,0.0,41.64
D000443,P0036593,2025-11-05,Subscription Cancelled,21.02,15.0,Lost,2025-12-01,0.0,36.02
D000444,P0022701,2025-10-11,Product Not Received,9.97,15.0,Pending,,0.0,24.97
D000445,P0016986,2025-09-30,Product Not Received,34.04,15.0,Won,2025-10-31,34.04,15.0
D000446,P0009296,2025-09-17,Product Not Received,323.15,15.0,Pending,,0.0,338.15
D000447,P0016466,2025-10-03,Processing Error,76.69,15.0,Won,2025-10-30,76.69,15.0
D000448,P0028748,2025-10-18,Fraudulent,29.46,15.0,Lost,2025-11-06,0.0,44.46
D000449,P0024602,2025-09-20,Processing Error,128.48,15.0,Lost,2025-10-09,0.0,143.48
D000450,P0043414,2025-10-24,Subscription Cancelled,18.98,15.0,Lost,2025-11-29,0.0,33.98
D000451,P0044463,2025-11-13,Fraudulent,17.65,15.0,Won,2025-12-02,17.65,15.0
D000452,P0038537,2025-10-23,Fraudulent,584.36,15.0,Lost,2025-11-05,0.0,599.36
D000453,P0048261,2025-10-17,Product Not Received,51.86,15.0,Won,2025-11-04,51.86,15.0
D000454,P0024537,2025-11-12,Product Not Received,23.71,15.0,Won,2025-11-20,23.71,15.0
D000455,P0010357,2025-09-23,Product Unacceptable,16.33,15.0,Won,2025-10-13,16.33,15.0
D000456,P0034770,2025-11-16,Fraudulent,30.8,15.0,Lost,2025-12-09,0.0,45.8
D000457,P0011012,2025-11-06,Subscription Cancelled,56.26,15.0,Lost,2025-11-25,0.0,71.26
D000458,P0007814,2025-10-11,Processing Error,21.23,15.0,Won,2025-10-18,21.23,15.0
D000459,P0014118,2025-11-20,Product Not Received,136.36,15.0,Lost,2025-11-27,0.0,151.36
D000460,P0042899,2025-09-30,Subscription Cancelled,150.23,15.0,Won,2025-11-01,150.23,15.0
D000461,P0002977,2025-10-21,Subscription Cancelled,15.39,15.0,Lost,2025-11-09,0.0,30.39
D000462,P0016842,2025-10-02,Processing Error,15.41,15.0,Lost,2025-11-11,0.0,30.41
D000463,P0028565,2025-11-06,Product Not Received,215.26,15.0,Lost,2025-11-21,0.0,230.26
D000464,P0043790,2025-11-15,Product Unacceptable,38.3,15.0,Pending,,0.0,53.3
D000465,P0015781,2025-10-24,Duplicate Payment,22.18,15.0,Lost,2025-11-18,0.0,37.18
D000466,P0031238,2025-10-24,Subscription Cancelled,382.15,15.0,Pending,,0.0,397.15
D000467,P0012512,2025-11-06,Product Not Received,24.07,15.0,Lost,2025-12-05,0.0,39.07
D000468,P0015257,2025-10-08,Product Not Received,996.47,15.0,Lost,2025-11-11,0.0,1011.47
D000469,P0019400,2025-10-29,Product Not Received,43.78,15.0,Lost,2025-12-04,0.0,58.78
D000470,P0015816,2025-11-01,Product Unacceptable,27.8,15.0,Won,2025-11-14,27.8,15.0
D000471,P0003207,2025-11-05,Duplicate Payment,27.53,15.0,Lost,2025-11-25,0.0,42.53
D000472,P0035750,2025-10-20,Duplicate Payment,94.47,15.0,Pending,,0.0,109.47
D000473,P0039412,2025-10-04,Processing Error,42.83,15.0,Won,2025-10-12,42.83,15.0
D000474,P0047321,2025-10-23,Product Unacceptable,160.91,15.0,Lost,2025-11-10,0.0,175.91
D000475,P0004509,2025-10-30,Fraudulent,58.96,15.0,Lost,2025-11-07,0.0,73.96
D000476,P0047867,2025-11-16,Subscription Cancelled,12.89,15.0,Lost,2025-12-20,0.0,27.89
D000477,P0027557,2025-11-03,Product Not Received,21.23,15.0,Lost,2025-12-07,0.0,36.23
D000478,P0026542,2025-11-08,Duplicate Payment,21.37,15.0,Won,2025-11-26,21.37,15.0
D000479,P0032552,2025-11-08,Fraudulent,51.83,15.0,Lost,2025-12-14,0.0,66.83
D000480,P0027912,2025-11-23,Product Not Received,125.98,15.0,Lost,2025-12-21,0.0,140.98
D000481,P0048893,2025-10-29,Product Not Received,1116.55,15.0,Lost,2025-11-22,0.0,1131.55
D000482,P0022550,2025-11-25,Processing Error,54.67,15.0,Lost,2025-12-15,0.0,69.67
D000483,P0002033,2025-10-08,Product Unacceptable,13.83,15.0,Lost,2025-11-08,0.0,28.83
D000484,P0001515,2025-10-28,Processing Error,98.48,15.0,Lost,2025-11-13,0.0,113.48
D000485,P0029482,2025-11-16,Subscription Cancelled,67.76,15.0,Won,2025-12-28,67.76,15.0
D000486,P0045774,2025-10-06,Processing Error,28.37,15.0,Lost,2025-10-21,0.0,43.37
D000487,P0031610,2025-10-20,Fraudulent,21.78,15.0,Lost,2025-11-06,0.0,36.78
D000488,P0038418,2025-11-21,Fraudulent,33.02,15.0,Lost,2025-12-24,0.0,48.02
D000489,P0014975,2025-11-21,Processing Error,25.79,15.0,Won,2025-12-10,25.79,15.0
D000490,P0004224,2025-11-15,Processing Error,412.62,15.0,Won,2025-11-22,412.62,15.0
D000491,P0024695,2025-11-27,Fraudulent,740.04,15.0,Lost,2026-01-11,0.0,755.04
D000492,P0032286,2025-12-03,Fraudulent,24.79,15.0,Won,2025-12-20,24.79,15.0
D000493,P0003588,2025-10-15,Fraudulent,135.99,15.0,Pending,,0.0,150.99
D000494,P0040253,2025-11-13,Fraudulent,44.75,15.0,Pending,,0.0,59.75
D000495,P0009618,2025-11-13,Product Not Received,526.95,15.0,Lost,2025-11-22,0.0,541.95
D000496,P0035482,2025-12-03,Duplicate Payment,18.84,15.0,Lost,2025-12-11,0.0,33.84
D000497,P0032428,2025-10-21,Processing Error,331.06,15.0,Lost,2025-11-20,0.0,346.06
D000498,P0024274,2025-10-12,Processing Error,36.67,15.0,Won,2025-11-07,36.67,15.0
D000499,P0034578,2025-10-17,Fraudulent,24.57,15.0,Lost,2025-11-07,0.0,39.57
D000500,P0030406,2025-10-30,Fraudulent,83.54,15.0,Lost,2025-11-11,0.0,98.54
D000501,P0043847,2025-12-07,Processing Error,9.85,15.0,Lost,2026-01-02,0.0,24.85
D000502,P0007114,2025-11-21,Product Not Received,866.38,15.0,Pending,,0.0,881.38
D000503,P0049097,2025-11-27,Subscription Cancelled,23.09,15.0,Pending,,0.0,38.09
D000504,P0009051,2025-12-07,Fraudulent,45.64,15.0,Won,2026-01-04,45.64,15.0
D000505,P0008971,2025-11-23,Fraudulent,28.18,15.0,Lost,2025-12-01,0.0,43.18
D000506,P0048382,2025-11-23,Processing Error,27.11,15.0,Lost,2025-12-14,0.0,42.11
D000507,P0038424,2025-12-05,Fraudulent,14.35,15.0,Pending,,0.0,29.35
D000508,P0000704,2025-11-27,Product Unacceptable,33.21,15.0,Won,2026-01-06,33.21,15.0
D000509,P0015533,2025-11-10,Product Unacceptable,19.15,15.0,Lost,2025-12-17,0.0,34.15
D000510,P0047691,2025-11-13,Subscription Cancelled,65.01,15.0,Lost,2025-12-19,0.0,80.01
D000511,P0041737,2025-11-30,Product Not Received,704.6,15.0,Lost,2026-01-03,0.0,719.6
D000512,P0042460,2025-11-18,Product Not Received,29.6,15.0,Won,2025-12-27,29.6,15.0
D000513,P0013201,2025-11-18,Fraudulent,37.71,15.0,Pending,,0.0,52.71
D000514,P0041948,2025-12-01,Fraudulent,74.92,15.0,Lost,2025-12-28,0.0,89.92
D000515,P0045835,2025-11-26,Product Not Received,50.13,15.0,Lost,2025-12-25,0.0,65.13
D000516,P0014461,2025-11-19,Fraudulent,39.93,15.0,Won,2025-12-08,39.93,15.0
D000517,P0003650,2025-10-20,Subscription Cancelled,32.82,15.0,Lost,2025-11-21,0.0,47.82
D000518,P0029780,2025-10-18,Fraudulent,18.32,15.0,Pending,,0.0,33.32
D000519,P0019118,2025-11-28,Product Not Received,23.87,15.0,Won,2025-12-23,23.87,15.0
D000520,P0042015,2025-11-25,Processing Error,98.61,15.0,Pending,,0.0,113.61
D000521,P0011155,2025-11-17,Fraudulent,9.43,15.0,Lost,2025-12-20,0.0,24.43
D000522,P0046942,2025-11-21,Processing Error,190.33,15.0,Pending,,0.0,205.33
D000523,P0005612,2025-11-27,Fraudulent,10.56,15.0,Lost,2025-12-10,0.0,25.56
D000524,P0031875,2025-11-26,Fraudulent,67.26,15.0,Lost,2025-12-27,0.0,82.26
D000525,P0006613,2025-12-11,Product Unacceptable,41.37,15.0,Lost,2026-01-22,0.0,56.37
D000526,P0003215,2025-12-01,Product Not Received,26.92,15.0,Lost,2025-12-14,0.0,41.92
D000527,P0032293,2025-11-05,Processing Error,77.72,15.0,Lost,2025-12-01,0.0,92.72
D000528,P0033192,2025-11-18,Subscription Cancelled,24.68,15.0,Lost,2025-12-18,0.0,39.68
D000529,P0036469,2025-11-17,Fraudulent,38.14,15.0,Won,2025-12-21,38.14,15.0
D000530,P0001453,2025-12-04,Subscription Cancelled,21.75,15.0,Pending,,0.0,36.75
D000531,P0045012,2025-11-24,Subscription Cancelled,24.2,15.0,Lost,2025-12-05,0.0,39.2
D000532,P0048268,2025-11-12,Fraudulent,40.5,15.0,Pending,,0.0,55.5
D000533,P0038564,2025-11-01,Product Not Received,18.49,15.0,Lost,2025-12-13,0.0,33.49
D000534,P0008696,2025-10-31,Subscription Cancelled,20.59,15.0,Lost,2025-12-07,0.0,35.59
D000535,P0011849,2025-10-28,Product Unacceptable,28.38,15.0,Won,2025-12-06,28.38,15.0
D000536,P0014990,2025-12-15,Processing Error,135.79,15.0,Lost,2026-01-14,0.0,150.79
D000537,P0041334,2025-11-30,Fraudulent,329.41,15.0,Lost,2025-12-16,0.0,344.41
D000538,P0000679,2025-10-31,Product Not Received,74.36,15.0,Pending,,0.0,89.36
D000539,P0036455,2025-12-14,Processing Error,92.09,15.0,Lost,2026-01-27,0.0,107.09
D000540,P0031695,2025-12-07,Subscription Cancelled,89.58,15.0,Lost,2025-12-18,0.0,104.58
D000541,P0037659,2025-11-19,Product Not Received,508.74,15.0,Lost,2025-12-26,0.0,523.74
D000542,P0046473,2025-12-04,Product Unacceptable,68.43,15.0,Lost,2025-12-19,0.0,83.43
D000543,P0015774,2025-11-24,Duplicate Payment,11.27,15.0,Won,2026-01-01,11.27,15.0
D000544,P0037464,2025-10-30,Product Not Received,748.17,15.0,Lost,2025-11-10,0.0,763.17
D000545,P0036899,2025-11-23,Fraudulent,69.91,15.0,Lost,2025-12-26,0.0,84.91
D000546,P0013107,2025-11-24,Product Unacceptable,132.58,15.0,Lost,2025-12-28,0.0,147.58
D000547,P0018589,2025-12-03,Processing Error,44.21,15.0,Lost,2025-12-21,0.0,59.21
D000548,P0029412,2025-11-06,Subscription Cancelled,12.04,15.0,Pending,,0.0,27.04
D000549,P0032112,2025-12-08,Product Unacceptable,34.71,15.0,Lost,2025-12-19,0.0,49.71
D000550,P0006305,2025-12-12,Product Not Received,604.84,15.0,Lost,2025-12-26,0.0,619.84
D000551,P0018797,2025-12-26,Processing Error,52.31,15.0,Lost,2026-01-18,0.0,67.31
D000552,P0016294,2025-11-03,Fraudulent,763.67,15.0,Lost,2025-11-17,0.0,778.67
D000553,P0027529,2025-12-06,Duplicate Payment,52.12,15.0,Won,2026-01-15,52.12,15.0
D000554,P0023986,2025-12-09,Subscription Cancelled,50.83,15.0,Lost,2026-01-07,0.0,65.83
D000555,P0014417,2025-11-29,Subscription Cancelled,37.86,15.0,Lost,2025-12-23,0.0,52.86
D000556,P0026259,2025-12-03,Product Not Received,182.31,15.0,Won,2025-12-19,182.31,15.0
D000557,P0046192,2025-11-10,Fraudulent,17.01,15.0,Pending,,0.0,32.01
D000558,P0026295,2025-12-16,Product Unacceptable,34.82,15.0,Won,2026-01-30,34.82,15.0
D000559,P0037321,2025-12-14,Processing Error,30.82,15.0,Won,2025-12-25,30.82,15.0
D000560,P0028856,2025-11-05,Fraudulent,59.21,15.0,Lost,2025-11-28,0.0,74.21
D000561,P0010045,2025-12-14,Subscription Cancelled,33.31,15.0,Lost,2025-12-31,0.0,48.31
D000562,P0030594,2025-11-26,Fraudulent,470.34,15.0,Won,2025-12-21,470.34,15.0
D000563,P0013560,2025-12-07,Product Unacceptable,51.18,15.0,Won,2026-01-03,51.18,15.0
D000564,P0031436,2025-12-02,Product Unacceptable,714.08,15.0,Won,2025-12-11,714.08,15.0
D000565,P0002349,2025-11-05,Product Not Received,705.48,15.0,Lost,2025-11-12,0.0,720.48
D000566,P0038707,2025-12-11,Fraudulent,24.66,15.0,Won,2026-01-10,24.66,15.0
D000567,P0048764,2025-11-05,Product Not Received,555.88,15.0,Lost,2025-12-17,0.0,570.88
D000568,P0044948,2025-11-04,Processing Error,41.32,15.0,Won,2025-11-16,41.32,15.0
D000569,P0007252,2025-11-22,Product Unacceptable,231.14,15.0,Won,2025-12-08,231.14,15.0
D000570,P0019068,2025-11-21,Processing Error,18.17,15.0,Lost,2025-12-31,0.0,33.17
D000571,P0041791,2025-12-12,Processing Error,16.14,15.0,Lost,2026-01-11,0.0,31.14
D000572,P0007994,2025-11-15,Product Not Received,968.73,15.0,Lost,2025-12-14,0.0,983.73
D000573,P0027074,2025-12-09,Fraudulent,13.46,15.0,Won,2026-01-04,13.46,15.0
D000574,P0037985,2025-12-16,Product Not Received,9.24,15.0,Lost,2026-01-29,0.0,24.24
D000575,P0037732,2025-12-02,Product Not Received,385.91,15.0,Lost,2026-01-12,0.0,400.91
D000576,P0007281,2025-11-14,Product Unacceptable,59.32,15.0,Lost,2025-12-24,0.0,74.32
D000577,P0047337,2025-12-19,Subscription Cancelled,34.35,15.0,Pending,,0.0,49.35
D000578,P0040704,2025-11-16,Processing Error,20.69,15.0,Lost,2025-12-28,0.0,35.69
D000579,P0035279,2025-12-29,Fraudulent,41.21,15.0,Lost,2026-01-20,0.0,56.21
D000580,P0018452,2025-12-06,Processing Error,47.07,15.0,Lost,2026-01-04,0.0,62.07
D000581,P0022477,2025-12-27,Product Unacceptable,127.46,15.0,Pending,,0.0,142.46
D000582,P0018480,2025-11-08,Product Not Received,55.82,15.0,Lost,2025-11-15,0.0,70.82
D000583,P0019245,2025-12-14,Product Not Received,220.22,15.0,Won,2025-12-29,220.22,15.0
D000584,P0048827,2025-12-15,Duplicate Payment,114.6,15.0,Lost,2026-01-02,0.0,129.6
D000585,P0005048,2025-12-10,Product Unacceptable,96.48,15.0,Lost,2026-01-22,0.0,111.48
D000586,P0026475,2025-11-14,Fraudulent,25.17,15.0,Pending,,0.0,40.17
D000587,P0013243,2025-12-21,Duplicate Payment,198.93,15.0,Lost,2026-01-13,0.0,213.93
D000588,P0024426,2025-11-28,Product Not Received,22.89,15.0,Won,2025-12-07,22.89,15.0
D000589,P0004123,2026-01-02,Processing Error,34.7,15.0,Lost,2026-02-15,0.0,49.7
D000590,P0018815,2025-11-20,Product Unacceptable,32.06,15.0,Won,2025-12-25,32.06,15.0
D000591,P0022720,2025-12-30,Product Unacceptable,387.48,15.0,Lost,2026-02-05,0.0,402.48
D000592,P0017539,2025-11-29,Subscription Cancelled,35.82,15.0,Lost,2026-01-09,0.0,50.82
D000593,P0001267,2025-12-02,Processing Error,31.66,15.0,Won,2026-01-15,31.66,15.0
D000594,P0033392,2025-11-15,Product Unacceptable,14.56,15.0,Pending,,0.0,29.56
D000595,P0046141,2025-11-23,Duplicate Payment,10.49,15.0,Lost,2025-12-25,0.0,25.49
D000596,P0027706,2025-12-11,Product Unacceptable,108.19,15.0,Pending,,0.0,123.19
D000597,P0018947,2025-12-29,Product Unacceptable,61.89,15.0,Lost,2026-01-17,0.0,76.89
D000598,P0032820,2025-12-29,Product Not Received,300.36,15.0,Lost,2026-01-23,0.0,315.36
D000599,P0010676,2025-12-31,Processing Error,106.04,15.0,Lost,2026-02-07,0.0,121.04
D000600,P0033837,2025-12-26,Product Not Received,23.89,15.0,Pending,,0.0,38.89
D000601,P0041846,2025-11-24,Product Unacceptable,84.09,15.0,Lost,2025-12-27,0.0,99.09
D000602,P0039154,2025-12-08,Product Not Received,279.78,15.0,Won,2026-01-22,279.78,15.0
D000603,P0032135,2025-11-22,Product Unacceptable,891.85,15.0,Won,2025-12-11,891.85,15.0
D000604,P0033808,2025-12-13,Product Not Received,160.2,15.0,Pending,,0.0,175.2
D000605,P0031483,2025-11-15,Product Unacceptable,836.47,15.0,Lost,2025-12-25,0.0,851.47
D000606,P0023865,2025-12-31,Subscription Cancelled,291.55,15.0,Won,2026-01-25,291.55,15.0
D000607,P0002639,2026-01-10,Duplicate Payment,7.99,15.0,Lost,2026-02-04,0.0,22.99
D000608,P0001264,2025-11-15,Product Not Received,153.39,15.0,Won,2025-11-24,153.39,15.0
D000609,P0033707,2025-12-13,Product Not Received,617.47,15.0,Lost,2025-12-22,0.0,632.47
D000610,P0020256,2026-01-12,Processing Error,46.3,15.0,Lost,2026-02-13,0.0,61.3
D000611,P0030472,2025-11-16,Subscription Cancelled,426.16,15.0,Won,2025-11-28,426.16,15.0
D000612,P0037091,2025-12-23,Subscription Cancelled,209.35,15.0,Won,2026-01-11,209.35,15.0
D000613,P0039071,2026-01-12,Fraudulent,118.45,15.0,Lost,2026-02-25,0.0,133.45
D000614,P0030192,2025-12-13,Subscription Cancelled,52.74,15.0,Pending,,0.0,67.74
D000615,P0032141,2026-01-14,Processing Error,59.55,15.0,Lost,2026-02-16,0.0,74.55
D000616,P0038041,2025-12-07,Product Not Received,49.23,15.0,Lost,2026-01-06,0.0,64.23
D000617,P0048902,2025-12-10,Processing Error,41.68,15.0,Lost,2025-12-26,0.0,56.68
D000618,P0026074,2025-12-27,Duplicate Payment,17.82,15.0,Lost,2026-01-18,0.0,32.82
D000619,P0035913,2026-01-01,Processing Error,16.8,15.0,Lost,2026-01-30,0.0,31.8
D000620,P0011795,2026-01-09,Product Unacceptable,27.7,15.0,Lost,2026-01-27,0.0,42.7
D000621,P0040864,2025-12-06,Processing Error,21.04,15.0,Won,2026-01-09,21.04,15.0
D000622,P0002644,2026-01-05,Subscription Cancelled,23.63,15.0,Won,2026-01-24,23.63,15.0
D000623,P0038017,2025-12-03,Processing Error,5.36,15.0,Lost,2025-12-27,0.0,20.36
D000624,P0011718,2025-12-04,Product Unacceptable,315.45,15.0,Lost,2025-12-12,0.0,330.45
D000625,P0029082,2026-01-06,Processing Error,20.91,15.0,Lost,2026-01-29,0.0,35.91
D000626,P0043653,2025-12-14,Product Unacceptable,152.65,15.0,Lost,2026-01-12,0.0,167.65
D000627,P0049805,2025-12-31,Product Unacceptable,18.35,15.0,Lost,2026-01-29,0.0,33.35
D000628,P0027760,2025-12-07,Subscription Cancelled,49.43,15.0,Lost,2025-12-14,0.0,64.43
D000629,P0025771,2025-12-31,Processing Error,603.72,15.0,Lost,2026-01-20,0.0,618.72
D000630,P0034178,2025-12-30,Fraudulent,39.4,15.0,Lost,2026-01-17,0.0,54.4
D000631,P0021918,2025-12-19,Processing Error,126.25,15.0,Pending,,0.0,141.25
D000632,P0033847,2025-12-03,Processing Error,21.84,15.0,Lost,2025-12-23,0.0,36.84
D000633,P0005288,2026-01-04,Subscription Cancelled,197.55,15.0,Lost,2026-02-17,0.0,212.55
D000634,P0003290,2025-12-31,Duplicate Payment,57.02,15.0,Won,2026-01-22,57.02,15.0
D000635,P0020672,2025-12-22,Product Unacceptable,24.35,15.0,Won,2026-01-31,24.35,15.0
D000636,P0048416,2026-01-12,Fraudulent,40.39,15.0,Lost,2026-02-05,0.0,55.39
D000637,P0005539,2025-12-13,Product Not Received,143.82,15.0,Lost,2025-12-29,0.0,158.82
D000638,P0023290,2025-12-26,Processing Error,72.33,15.0,Lost,2026-01-20,0.0,87.33
D000639,P0044444,2025-11-30,Fraudulent,110.1,15.0,Lost,2026-01-05,0.0,125.1
D000640,P0019097,2026-01-18,Fraudulent,453.01,15.0,Won,2026-01-28,453.01,15.0
D000641,P0044951,2025-12-29,Processing Error,408.07,15.0,Lost,2026-01-11,0.0,423.07
D000642,P0017154,2026-01-14,Processing Error,151.53,15.0,Won,2026-02-05,151.53,15.0
D000643,P0005121,2025-12-20,Fraudulent,103.68,15.0,Won,2026-02-01,103.68,15.0
D000644,P0032951,2025-12-03,Subscription Cancelled,20.69,15.0,Lost,2025-12-14,0.0,35.69
D000645,P0009972,2026-01-11,Subscription Cancelled,165.42,15.0,Won,2026-02-25,165.42,15.0
D000646,P0027145,2025-12-30,Duplicate Payment,351.0,15.0,Lost,2026-02-07,0.0,366.0
D000647,P0019151,2026-01-14,Product Not Received,828.07,15.0,Lost,2026-02-24,0.0,843.07
D000648,P0032728,2025-12-09,Processing Error,25.71,15.0,Lost,2026-01-18,0.0,40.71
D000649,P0017697,2025-12-26,Processing Error,463.51,15.0,Won,2026-02-03,463.51,15.0
D000650,P0017889,2025-12-21,Processing Error,527.41,15.0,Won,2026-02-04,527.41,15.0
D000651,P0028707,2026-01-01,Product Unacceptable,152.31,15.0,Lost,2026-01-17,0.0,167.31
D000652,P0002542,2026-01-16,Product Unacceptable,7.5,15.0,Pending,,0.0,22.5
D000653,P0028182,2025-11-26,Product Unacceptable,202.51,15.0,Pending,,0.0,217.51
D000654,P0002826,2026-01-05,Duplicate Payment,32.77,15.0,Pending,,0.0,47.77
D000655,P0025190,2025-12-09,Product Unacceptable,86.39,15.0,Lost,2025-12-18,0.0,101.39
D000656,P0028266,2025-11-28,Fraudulent,755.34,15.0,Won,2026-01-02,755.34,15.0
D000657,P0033094,2025-12-25,Duplicate Payment,18.38,15.0,Won,2026-02-04,18.38,15.0
D000658,P0018290,2025-12-26,Product Not Received,87.37,15.0,Lost,2026-02-01,0.0,102.37
D000659,P0020770,2025-11-27,Product Not Received,98.87,15.0,Won,2026-01-11,98.87,15.0
D000660,P0039085,2026-01-11,Processing Error,295.32,15.0,Lost,2026-02-01,0.0,310.32
D000661,P0010728,2025-12-10,Subscription Cancelled,197.31,15.0,Lost,2025-12-17,0.0,212.31
D000662,P0044233,2026-01-01,Subscription Cancelled,30.18,15.0,Won,2026-01-26,30.18,15.0
D000663,P0033722,2026-01-12,Product Unacceptable,19.52,15.0,Lost,2026-02-24,0.0,34.52
D000664,P0048016,2026-01-21,Processing Error,28.98,15.0,Lost,2026-02-23,0.0,43.98
D000665,P0037300,2026-01-02,Duplicate Payment,30.21,15.0,Lost,2026-01-29,0.0,45.21
D000666,P0013430,2026-01-10,Product Unacceptable,25.99,15.0,Lost,2026-01-23,0.0,40.99
D000667,P0026104,2026-01-19,Subscription Cancelled,14.4,15.0,Won,2026-02-27,14.4,15.0
D000668,P0033607,2026-01-08,Product Not Received,7.51,15.0,Lost,2026-01-16,0.0,22.51
D000669,P0020614,2026-01-10,Processing Error,357.72,15.0,Pending,,0.0,372.72
D000670,P0017346,2025-12-13,Fraudulent,30.46,15.0,Lost,2026-01-02,0.0,45.46
D000671,P0023930,2026-01-05,Fraudulent,41.6,15.0,Lost,2026-01-14,0.0,56.6
D000672,P0045875,2025-12-23,Product Not Received,83.24,15.0,Lost,2026-01-12,0.0,98.24
D000673,P0025061,2026-01-11,Product Unacceptable,42.49,15.0,Pending,,0.0,57.49
D000674,P0046132,2026-01-27,Subscription Cancelled,57.91,15.0,Won,2026-02-07,57.91,15.0
D000675,P0034936,2026-01-12,Product Not Received,604.67,15.0,Lost,2026-02-04,0.0,619.67
D000676,P0038137,2026-01-17,Subscription Cancelled,41.88,15.0,Lost,2026-03-03,0.0,56.88
D000677,P0042667,2026-01-22,Processing Error,511.13,15.0,Lost,2026-01-29,0.0,526.13
D000678,P0048043,2026-01-22,Duplicate Payment,33.3,15.0,Pending,,0.0,48.3
D000679,P0034049,2025-12-13,Processing Error,48.95,15.0,Lost,2026-01-16,0.0,63.95
D000680,P0032930,2025-12-23,Product Not Received,47.67,15.0,Lost,2026-02-05,0.0,62.67
D000681,P0040936,2026-01-27,Subscription Cancelled,55.23,15.0,Lost,2026-02-16,0.0,70.23
D000682,P0012620,2026-01-12,Fraudulent,35.42,15.0,Lost,2026-02-04,0.0,50.42
D000683,P0029179,2026-01-26,Subscription Cancelled,56.32,15.0,Lost,2026-02-16,0.0,71.32
D000684,P0011141,2026-01-26,Subscription Cancelled,14.76,15.0,Lost,2026-02-08,0.0,29.76
D000685,P0038335,2025-12-03,Subscription Cancelled,264.55,15.0,Lost,2025-12-16,0.0,279.55
D000686,P0011906,2026-01-21,Processing Error,668.09,15.0,Pending,,0.0,683.09
D000687,P0025101,2026-01-30,Product Unacceptable,135.42,15.0,Lost,2026-03-01,0.0,150.42
D000688,P0038124,2026-01-05,Product Not Received,1436.76,15.0,Lost,2026-02-06,0.0,1451.76
D000689,P0019898,2026-01-20,Processing Error,32.95,15.0,Lost,2026-02-09,0.0,47.95
D000690,P0011437,2025-12-25,Processing Error,89.21,15.0,Won,2026-01-19,89.21,15.0
D000691,P0032845,2025-12-10,Product Not Received,242.6,15.0,Lost,2026-01-11,0.0,257.6
D000692,P0036663,2025-12-07,Processing Error,27.04,15.0,Lost,2025-12-29,0.0,42.04
D000693,P0002581,2026-01-29,Product Unacceptable,15.21,15.0,Won,2026-03-10,15.21,15.0
D000694,P0009228,2026-01-01,Processing Error,6.03,15.0,Lost,2026-01-09,0.0,21.03
D000695,P0039191,2026-01-15,Processing Error,53.49,15.0,Lost,2026-01-22,0.0,68.49
D000696,P0027497,2026-01-30,Duplicate Payment,124.12,15.0,Lost,2026-03-13,0.0,139.12
D000697,P0025966,2026-01-25,Subscription Cancelled,56.97,15.0,Lost,2026-03-07,0.0,71.97
D000698,P0003288,2026-01-06,Subscription Cancelled,113.67,15.0,Lost,2026-02-05,0.0,128.67
D000699,P0019635,2025-12-25,Product Not Received,140.24,15.0,Lost,2026-01-05,0.0,155.24
D000700,P0048920,2025-12-21,Fraudulent,11.07,15.0,Won,2026-01-25,11.07,15.0
D000701,P0019076,2026-01-11,Duplicate Payment,37.29,15.0,Lost,2026-01-18,0.0,52.29
D000702,P0026267,2026-02-02,Fraudulent,341.38,15.0,Won,2026-02-17,341.38,15.0
D000703,P0013174,2026-02-03,Duplicate Payment,781.53,15.0,Won,2026-03-17,781.53,15.0
D000704,P0009396,2026-01-23,Fraudulent,21.45,15.0,Lost,2026-02-14,0.0,36.45
D000705,P0024333,2026-01-31,Product Not Received,609.22,15.0,Won,2026-02-21,609.22,15.0
D000706,P0049407,2026-01-12,Subscription Cancelled,163.89,15.0,Won,2026-01-28,163.89,15.0
D000707,P0049768,2026-02-04,Fraudulent,56.32,15.0,Lost,2026-03-19,0.0,71.32
D000708,P0021327,2026-01-17,Product Not Received,45.22,15.0,Lost,2026-02-08,0.0,60.22
D000709,P0032498,2026-01-17,Product Not Received,445.12,15.0,Lost,2026-03-02,0.0,460.12
D000710,P0049139,2026-01-31,Subscription Cancelled,76.53,15.0,Lost,2026-03-14,0.0,91.53
D000711,P0001458,2026-01-01,Subscription Cancelled,29.7,15.0,Won,2026-01-22,29.7,15.0
D000712,P0001503,2026-01-28,Processing Error,272.32,15.0,Lost,2026-02-06,0.0,287.32
D000713,P0006066,2026-01-06,Product Unacceptable,25.8,15.0,Lost,2026-01-31,0.0,40.8
D000714,P0044578,2026-01-12,Product Not Received,18.31,15.0,Pending,,0.0,33.31
D000715,P0018954,2025-12-18,Duplicate Payment,172.13,15.0,Lost,2026-01-30,0.0,187.13
D000716,P0043796,2025-12-31,Product Not Received,32.35,15.0,Lost,2026-01-09,0.0,47.35
D000717,P0049288,2025-12-29,Product Not Received,23.9,15.0,Lost,2026-01-12,0.0,38.9
D000718,P0048582,2026-01-19,Subscription Cancelled,12.1,15.0,Lost,2026-02-18,0.0,27.1
D000719,P0000293,2025-12-14,Fraudulent,108.56,15.0,Lost,2026-01-03,0.0,123.56
D000720,P0048746,2026-01-22,Duplicate Payment,59.31,15.0,Lost,2026-03-04,0.0,74.31
D000721,P0010897,2026-01-16,Processing Error,94.19,15.0,Won,2026-02-07,94.19,15.0
D000722,P0015523,2025-12-23,Product Unacceptable,139.76,15.0,Lost,2026-01-05,0.0,154.76
D000723,P0013499,2026-01-03,Subscription Cancelled,15.68,15.0,Won,2026-02-13,15.68,15.0
D000724,P0011301,2026-01-20,Product Not Received,82.16,15.0,Lost,2026-02-03,0.0,97.16
D000725,P0042883,2026-02-11,Product Unacceptable,16.12,15.0,Pending,,0.0,31.12
D000726,P0001789,2025-12-22,Processing Error,31.73,15.0,Lost,2026-01-09,0.0,46.73
D000727,P0001601,2025-12-24,Processing Error,41.92,15.0,Won,2026-01-15,41.92,15.0
D000728,P0035022,2026-01-06,Product Not Received,160.56,15.0,Won,2026-01-16,160.56,15.0
D000729,P0049414,2026-01-13,Product Unacceptable,78.37,15.0,Lost,2026-02-23,0.0,93.37
D000730,P0040337,2026-02-09,Product Unacceptable,229.97,15.0,Lost,2026-03-19,0.0,244.97
D000731,P0041621,2026-01-29,Product Not Received,29.06,15.0,Won,2026-02-16,29.06,15.0
D000732,P0037370,2026-01-17,Product Unacceptable,253.93,15.0,Lost,2026-02-13,0.0,268.93
D000733,P0034467,2026-02-10,Product Unacceptable,18.27,15.0,Lost,2026-03-03,0.0,33.27
D000734,P0033880,2025-12-30,Product Not Received,24.59,15.0,Won,2026-02-09,24.59,15.0
D000735,P0011014,2026-01-01,Product Not Received,376.78,15.0,Won,2026-01-10,376.78,15.0
D000736,P0034020,2026-01-25,Subscription Cancelled,359.88,15.0,Lost,2026-02-02,0.0,374.88
D000737,P0005206,2026-02-03,Duplicate Payment,11.12,15.0,Won,2026-02-15,11.12,15.0
D000738,P0044441,2026-01-03,Duplicate Payment,5.81,15.0,Lost,2026-01-25,0.0,20.81
D000739,P0009730,2026-01-06,Processing Error,417.92,15.0,Lost,2026-02-04,0.0,432.92
D000740,P0045934,2026-02-06,Product Unacceptable,27.42,15.0,Pending,,0.0,42.42
D000741,P0016354,2025-12-29,Fraudulent,52.58,15.0,Lost,2026-02-04,0.0,67.58
D000742,P0011186,2025-12-26,Fraudulent,120.98,15.0,Lost,2026-01-31,0.0,135.98
D000743,P0015056,2026-02-16,Product Unacceptable,58.51,15.0,Lost,2026-02-25,0.0,73.51
D000744,P0020886,2026-02-14,Product Not Received,106.36,15.0,Lost,2026-03-08,0.0,121.36
D000745,P0002132,2025-12-26,Product Not Received,76.61,15.0,Lost,2026-01-05,0.0,91.61
D000746,P0005602,2026-01-28,Subscription Cancelled,146.87,15.0,Won,2026-03-11,146.87,15.0
D000747,P0026276,2026-01-24,Duplicate Payment,29.49,15.0,Lost,2026-02-27,0.0,44.49
D000748,P0001993,2026-01-08,Subscription Cancelled,168.81,15.0,Lost,2026-02-11,0.0,183.81
D000749,P0043645,2026-01-30,Subscription Cancelled,24.58,15.0,Lost,2026-02-08,0.0,39.58
D000750,P0036017,2026-01-20,Subscription Cancelled,18.48,15.0,Won,2026-02-21,18.48,15.0
D000751,P0023453,2026-01-25,Subscription Cancelled,194.52,15.0,Lost,2026-03-11,0.0,209.52
D000752,P0005854,2026-02-03,Processing Error,32.58,15.0,Pending,,0.0,47.58
D000753,P0036261,2026-01-06,Processing Error,38.72,15.0,Pending,,0.0,53.72
D000754,P0011395,2026-01-17,Product Not Received,154.97,15.0,Won,2026-02-05,154.97,15.0
D000755,P0025670,2025-12-26,Product Not Received,158.47,15.0,Lost,2026-01-08,0.0,173.47
D000756,P0014728,2026-01-29,Processing Error,17.8,15.0,Won,2026-02-17,17.8,15.0
D000757,P0018390,2026-01-26,Product Not Received,300.28,15.0,Won,2026-02-05,300.28,15.0
D000758,P0045470,2026-02-14,Processing Error,201.55,15.0,Lost,2026-03-08,0.0,216.55
D000759,P0040197,2025-12-26,Duplicate Payment,36.98,15.0,Lost,2026-01-29,0.0,51.98
D000760,P0009092,2026-01-09,Processing Error,19.46,15.0,Lost,2026-01-28,0.0,34.46
D000761,P0023244,2026-02-13,Processing Error,36.41,15.0,Won,2026-03-01,36.41,15.0
D000762,P0018483,2026-02-14,Product Not Received,170.65,15.0,Lost,2026-02-25,0.0,185.65
D000763,P0015236,2025-12-29,Subscription Cancelled,178.84,15.0,Lost,2026-02-09,0.0,193.84
D000764,P0004935,2026-02-12,Product Unacceptable,281.01,15.0,Lost,2026-03-09,0.0,296.01
D000765,P0027536,2025-12-30,Subscription Cancelled,763.46,15.0,Lost,2026-02-04,0.0,778.46
D000766,P0012349,2025-12-29,Processing Error,42.8,15.0,Lost,2026-02-01,0.0,57.8
D000767,P0028938,2026-01-07,Product Not Received,326.06,15.0,Pending,,0.0,341.06
D000768,P0035105,2026-01-14,Product Not Received,14.38,15.0,Lost,2026-02-20,0.0,29.38
D000769,P0033739,2026-01-30,Duplicate Payment,32.29,15.0,Lost,2026-03-13,0.0,47.29
D000770,P0003669,2026-01-13,Product Unacceptable,783.59,15.0,Lost,2026-01-20,0.0,798.59
D000771,P0008716,2026-01-24,Product Not Received,15.23,15.0,Won,2026-02-08,15.23,15.0
D000772,P0038804,2026-01-14,Product Unacceptable,16.4,15.0,Lost,2026-02-01,0.0,31.4
D000773,P0012204,2026-02-11,Fraudulent,30.02,15.0,Pending,,0.0,45.02
D000774,P0047616,2026-02-08,Product Not Received,479.59,15.0,Lost,2026-03-09,0.0,494.59
D000775,P0021077,2026-01-15,Product Not Received,15.88,15.0,Lost,2026-02-02,0.0,30.88
D000776,P0025652,2026-01-20,Product Unacceptable,51.11,15.0,Lost,2026-02-04,0.0,66.11
D000777,P0016344,2026-02-10,Product Not Received,35.89,15.0,Lost,2026-03-14,0.0,50.89
D000778,P0030758,2025-12-26,Processing Error,656.48,15.0,Pending,,0.0,671.48
D000779,P0048942,2026-01-24,Fraudulent,28.54,15.0,Won,2026-03-01,28.54,15.0
D000780,P0011026,2026-01-06,Product Not Received,61.73,15.0,Pending,,0.0,76.73
D000781,P0047526,2025-12-26,Product Unacceptable,61.52,15.0,Lost,2026-01-21,0.0,76.52
D000782,P0047921,2026-02-08,Processing Error,49.12,15.0,Won,2026-03-02,49.12,15.0
D000783,P0035160,2025-12-31,Product Unacceptable,890.04,15.0,Lost,2026-01-19,0.0,905.04
D000784,P0049275,2026-01-04,Fraudulent,18.48,15.0,Lost,2026-02-14,0.0,33.48
D000785,P0009137,2026-02-09,Fraudulent,47.81,15.0,Won,2026-02-19,47.81,15.0
D000786,P0047910,2026-01-20,Processing Error,27.57,15.0,Lost,2026-02-20,0.0,42.57
D000787,P0006359,2026-02-12,Subscription Cancelled,57.32,15.0,Won,2026-03-03,57.32,15.0
D000788,P0013304,2026-01-15,Fraudulent,13.5,15.0,Lost,2026-02-18,0.0,28.5
D000789,P0014819,2026-02-12,Product Not Received,42.25,15.0,Lost,2026-03-02,0.0,57.25
D000790,P0045453,2026-01-09,Product Not Received,160.06,15.0,Lost,2026-02-08,0.0,175.06
D000791,P0031120,2026-01-10,Product Unacceptable,21.06,15.0,Lost,2026-02-13,0.0,36.06
D000792,P0023854,2026-01-03,Duplicate Payment,369.07,15.0,Lost,2026-01-10,0.0,384.07
D000793,P0045553,2026-01-16,Processing Error,28.41,15.0,Pending,,0.0,43.41
D000794,P0012037,2026-02-17,Processing Error,388.41,15.0,Lost,2026-03-29,0.0,403.41
D000795,P0015111,2026-02-16,Subscription Cancelled,73.8,15.0,Lost,2026-02-25,0.0,88.8
D000796,P0018145,2026-02-15,Product Not Received,672.71,15.0,Lost,2026-03-15,0.0,687.71
D000797,P0047044,2026-02-21,Processing Error,30.14,15.0,Lost,2026-03-20,0.0,45.14
D000798,P0030071,2026-02-20,Product Not Received,34.05,15.0,Won,2026-03-25,34.05,15.0
D000799,P0037488,2026-02-06,Product Unacceptable,938.65,15.0,Lost,2026-03-05,0.0,953.65
D000800,P0037898,2026-01-02,Fraudulent,51.31,15.0,Lost,2026-01-30,0.0,66.31
D000801,P0002366,2025-12-28,Product Not Received,309.15,15.0,Lost,2026-01-16,0.0,324.15
D000802,P0001762,2026-01-27,Duplicate Payment,439.41,15.0,Won,2026-02-18,439.41,15.0
D000803,P0014663,2026-01-02,Processing Error,99.96,15.0,Won,2026-02-01,99.96,15.0
D000804,P0037257,2026-02-03,Product Unacceptable,18.05,15.0,Lost,2026-02-26,0.0,33.05
D000805,P0042197,2026-02-21,Fraudulent,26.46,15.0,Pending,,0.0,41.46
D000806,P0014414,2026-01-23,Subscription Cancelled,25.43,15.0,Won,2026-02-03,25.43,15.0
D000807,P0021254,2025-12-29,Product Not Received,1080.41,15.0,Pending,,0.0,1095.41
D000808,P0028809,2025-12-29,Product Unacceptable,172.0,15.0,Pending,,0.0,187.0
D000809,P0006454,2026-01-26,Product Not Received,463.94,15.0,Lost,2026-03-11,0.0,478.94
D000810,P0036977,2026-01-20,Processing Error,46.24,15.0,Lost,2026-02-22,0.0,61.24
D000811,P0044689,2026-02-05,Fraudulent,425.99,15.0,Pending,,0.0,440.99
D000812,P0009467,2026-02-08,Fraudulent,25.34,15.0,Lost,2026-03-18,0.0,40.34
D000813,P0045924,2026-01-17,Product Unacceptable,356.51,15.0,Won,2026-02-18,356.51,15.0
D000814,P0044166,2026-01-26,Processing Error,916.36,15.0,Lost,2026-02-08,0.0,931.36
D000815,P0002626,2026-01-03,Product Not Received,564.96,15.0,Won,2026-02-14,564.96,15.0
D000816,P0035242,2026-01-19,Product Not Received,29.85,15.0,Won,2026-02-01,29.85,15.0
D000817,P0013477,2026-02-16,Subscription Cancelled,9.93,15.0,Won,2026-03-21,9.93,15.0
D000818,P0000100,2026-01-20,Product Unacceptable,1100.57,15.0,Lost,2026-03-05,0.0,1115.57
D000819,P0006713,2026-01-18,Duplicate Payment,21.95,15.0,Lost,2026-02-17,0.0,36.95
D000820,P0035816,2026-01-11,Duplicate Payment,92.32,15.0,Won,2026-02-10,92.32,15.0
D000821,P0042037,2026-01-05,Product Not Received,654.96,15.0,Lost,2026-02-09,0.0,669.96
D000822,P0036335,2026-01-28,Duplicate Payment,39.6,15.0,Lost,2026-03-02,0.0,54.6
D000823,P0036816,2026-02-13,Product Not Received,52.63,15.0,Pending,,0.0,67.63
D000824,P0042506,2026-02-24,Product Unacceptable,61.06,15.0,Won,2026-04-05,61.06,15.0
D000825,P0043731,2026-02-08,Product Unacceptable,602.81,15.0,Won,2026-03-07,602.81,15.0
D000826,P0012716,2026-02-03,Processing Error,80.82,15.0,Lost,2026-02-10,0.0,95.82
D000827,P0018206,2026-02-26,Processing Error,195.14,15.0,Pending,,0.0,210.14
D000828,P0014529,2026-01-11,Fraudulent,46.35,15.0,Lost,2026-01-27,0.0,61.35
D000829,P0006459,2026-02-21,Product Not Received,262.65,15.0,Won,2026-03-29,262.65,15.0
D000830,P0016193,2026-02-02,Processing Error,342.02,15.0,Won,2026-03-08,342.02,15.0
D000831,P0049841,2026-01-25,Fraudulent,434.01,15.0,Lost,2026-03-02,0.0,449.01
D000832,P0010795,2026-01-14,Product Not Received,562.46,15.0,Lost,2026-02-17,0.0,577.46
D000833,P0023564,2026-01-29,Product Unacceptable,67.02,15.0,Lost,2026-03-05,0.0,82.02
D000834,P0008362,2026-02-22,Duplicate Payment,16.86,15.0,Lost,2026-03-31,0.0,31.86
